"Reference","Value","Footprint","Datasheet","Sim.Device","Sim.Pins","Qty"
"BZ1","HCM12","Buzzer_Beeper:Buzzer_12x9.5RM7.6","~","","","1"
"C1","10nF/16V/X7R","Capacitor_SMD:C_0402_1005Metric","~","","","1"
"C2, C4-C6, C43, C53","10uF/16V/X5R","Capacitor_SMD:C_0603_1608Metric","~","","","6"
"C3","10uF/50V/X5R","Capacitor_SMD:C_1206_3216Metric","~","","","1"
"C7, C8, C11, C14, C16, C17, C20, C23, C30-C41, C47, C48, C52, C59, C72, C74, C76-C91, C94, C97-C101, C103, C104, C106-C119","100nF/16V/X7R","Capacitor_SMD:C_0402_1005Metric","~","","","64"
"C9, C10, C12, C13","47pF/16V/C0G","Capacitor_SMD:C_0402_1005Metric","~","","","4"
"C15, C54-C56, C62, C63","10nF/50V/X7R","Capacitor_SMD:C_0402_1005Metric","~","","","6"
"C18, C19, C22, C24, C25, C28, C29, C95","10pF/50V/C0G","Capacitor_SMD:C_0402_1005Metric","~","","","8"
"C21, C42, C58, C73","4u7F/25V/X5R","Capacitor_SMD:C_0603_1608Metric","~","","","4"
"C26, C27, C92, C93, C96","2u2F/16V/X5R","Capacitor_SMD:C_0402_1005Metric","~","","","5"
"C44","4p7F/50V/C0G","Capacitor_SMD:C_0402_1005Metric","~","","","1"
"C45, C46","12pF/50V/C0G","Capacitor_SMD:C_0402_1005Metric","~","","","2"
"C49","2n2F/50V/X7R","Capacitor_SMD:C_0402_1005Metric","~","","","1"
"C50","1p5F/50V/NP0","Capacitor_SMD:C_0402_1005Metric","~","","","1"
"C51","1pF/50V/C0G","Capacitor_SMD:C_0402_1005Metric","~","","","1"
"C57","33nF/16V/X7R","Capacitor_SMD:C_0402_1005Metric","~","","","1"
"C60, C69","CK1H107M08010VR","Capacitor_SMD:CP_Elec_8x10","~","","","2"
"C61, C64, C65, C67, C70, C71, C102","100nF/50V/X7R","Capacitor_SMD:C_0402_1005Metric","~","","","7"
"C66, C68","470nF/6V3/X5R","Capacitor_SMD:C_0402_1005Metric","~","","","2"
"C105","NC","Capacitor_SMD:C_0603_1608Metric","~","","","1"
"D1","B230A-13-F","Diode_SMD:D_SMA","~","","","1"
"D2","SMAJ14CA-13-F","Diode_SMD:D_SMA","https://www.infineon.com/dgdl/Infineon-ESD131-B1-W0201-DataSheet-v02_00-EN.pdf?fileId=5546d4625cc9456a015ce94850964889","","","1"
"D3","AL1A","Diode_SMD:D_MiniMELF","~","D","1=K 2=A","1"
"D4","OSB50402C1C","Diode_SMD:D_0402_1005Metric","~","","","1"
"D5","OSR50402C1C","Diode_SMD:D_0402_1005Metric","~","","","1"
"D6","OSG50402C1C","Diode_SMD:D_0402_1005Metric","~","","","1"
"D7","OSY50402C1C","Diode_SMD:D_0402_1005Metric","~","","","1"
"D8, D9","OSO50402C1C","Diode_SMD:D_0402_1005Metric","~","","","2"
"D10, D12","1N4148W_R1_00001","Diode_SMD:D_SOD-123","~","D","1=K 2=A","2"
"D11","SMLVN6RGB1W1","LED_SMD:LED_ROHM_SMLVN6","~","","","1"
"D17","BAT720,215","Package_TO_SOT_SMD:TSOT-23","~","","","1"
"D18","PMEG2015EA,115","Diode_SMD:D_SOD-323","~","D","1=K 2=A","1"
"F1","ERBRD1R50X","Fuse:Fuse_0402_1005Metric","~","","","1"
"FB1","BLM15AX601SN1D","Inductor_SMD:L_0402_1005Metric","~","","","1"
"FL1, FL2","DRQ127-150-R","Inductor_SMD:L_Bourns_SRF1260","https://www.schaffner.com/products/download/product/datasheet/rn-series-common-mode-chokes-new/","","","2"
"H1-H4","MountingHole_Pad","MountingHole:MountingHole_3.2mm_M3_Pad_Via","~","","","4"
"J1","Jack-DC +12V/1.25A","Connector_BarrelJack:BarrelJack_GCT_DCJ200-10-A_Horizontal","~","","","1"
"J2, J3","DS1099-WN0","Connector_USB:USB_B_Lumberg_2411_02_Horizontal"," ~","","","2"
"J4","GP2Y0A41SK0F","Connector_Molex:Molex_PicoBlade_53048-0310_1x03_P1.25mm_Horizontal","~","","","1"
"J5, J13, J15-J22","Conn_01x01_Pin","TestPoint:TestPoint_Pad_4.0x4.0mm","~","","","10"
"J6","Fan +12V/30mA","Connector_Wire:SolderWire-0.1sqmm_1x02_P3.6mm_D0.4mm_OD1mm_Relief","~","","","1"
"J7","ANT3216LL00R2400A","RF_Antenna:Johanson_2450AT18x100"," ~","","","1"
"J8, J9","JK42HS34-0404","Connector_Wire:SolderWire-0.1sqmm_1x04_P3.6mm_D0.4mm_OD1mm_Relief","~","","","2"
"J10","145638009211859+","Connector_Card:SD_Kyocera_145638009211859+","http://portal.fciconnect.com/Comergent//fci/drawing/10067847.pdf","","","1"
"J11","FFC2A32-50-T","Connector_FFC-FPC:Molex_54132-5033_1x50-1MP_P0.5mm_Horizontal","~","","","1"
"J12","DS1020-08-6VBT11-R","Connector_FFC-FPC:Molex_200528-0060_1x06-1MP_P1.00mm_Horizontal","~","","","1"
"J14","UART","Connector_PinHeader_2.54mm:PinHeader_1x02_P2.54mm_Vertical_SMD_Pin1Right","~","","","1"
"J23","IRS-101-1B - 250VAC/16A","Connector_Wire:SolderWire-0.5sqmm_1x03_P4.6mm_D0.9mm_OD2.1mm","~","","","1"
"L1","PCS127MT2R2","Inductor_SMD:L_12x12mm_H8mm","~","","","1"
"L2","DE1205-100","Inductor_SMD:L_12x12mm_H6mm","~","","","1"
"L3","LQG15HN3N9S02D","Inductor_SMD:L_0402_1005Metric","~","","","1"
"L4","CL02ST2N7-S","Inductor_SMD:L_0402_1005Metric","~","","","1"
"L5","CL02JT8N2-S","Inductor_SMD:L_0402_1005Metric","~","","","1"
"Q5","2DD2679-13","Package_TO_SOT_SMD:SOT-89-3","http://www.st.com/resource/en/datasheet/2sd1047.pdf","","","1"
"Q6","BSS138","Package_TO_SOT_SMD:SOT-23","~","","","1"
"R1","52k3/1%/63mW","Resistor_SMD:R_0402_1005Metric","~","","","1"
"R2, R69, R72, R73","10k/1%/63mW","Resistor_SMD:R_0402_1005Metric","~","","","4"
"R3","100k/5%/0.3W","Resistor_SMD:R_0805_2012Metric","~","","","1"
"R4","330R/5%/63mW","Resistor_SMD:R_0402_1005Metric","~","","","1"
"R5, R6, R8","470R/5%/63mW","Resistor_SMD:R_0402_1005Metric","~","","","3"
"R7, R11, R12, R20, R31, R46, R53, R61-R64","10k/5%/63mW","Resistor_SMD:R_0402_1005Metric","~","","","11"
"R9, R10","680R/5%/63mW","Resistor_SMD:R_0402_1005Metric","~","","","2"
"R13","66k5/0.1%/0.1W","Resistor_SMD:R_0603_1608Metric","~","","","1"
"R14, R16","140R/1%/63mW","Resistor_SMD:R_0402_1005Metric","~","","","2"
"R15","330R/1%/0.1W","Resistor_SMD:R_0402_1005Metric","~","","","1"
"R17, R18, R21, R28, R29","33R/0.1%/63mW","Resistor_SMD:R_0402_1005Metric","~","","","5"
"R19, R35-R38","47k/5%/63mW","Resistor_SMD:R_0402_1005Metric","~","","","5"
"R22","NC","Resistor_SMD:R_0402_1005Metric","~","","","1"
"R23, R40","1M/1%/100mW","Resistor_SMD:R_0402_1005Metric","~","","","2"
"R25","26k7/1%/63mW","Resistor_SMD:R_0402_1005Metric","~","","","1"
"R26","1M/5%/0.1W","Resistor_SMD:R_0402_1005Metric","~","","","1"
"R27","22k/1%/63mW","Resistor_SMD:R_0402_1005Metric","~","","","1"
"R42, R43, R47, R48","0R5/1%/125mW","Resistor_SMD:R_0402_1005Metric","~","","","4"
"R44, R54","20k/0.1%/63mW","Resistor_SMD:R_0402_1005Metric","~","","","2"
"R55-R58, R76","0R/5%/63mW","Resistor_SMD:R_0402_1005Metric","~","","","5"
"R59, R60, R65, R66","1k5/1%/63mW","Resistor_SMD:R_0402_1005Metric","~","","","4"
"R67, R75","4k7/1%/63mW","Resistor_SMD:R_0402_1005Metric","~","","","2"
"R68","150k/1%/63mW","Resistor_SMD:R_0402_1005Metric","~","","","1"
"R70","330R/1%/63mW","Resistor_SMD:R_0402_1005Metric","~","","","1"
"RV1, RV2","1028F-100K","Potentiometer_THT:Potentiometer_Bourns_3386F_Vertical","~","","","2"
"SW1, SW2","TSS 61 K","Button_Switch_SMD:SW_Push_1P1T_NO_6x6mm_H9.5mm","http://www.apem.com/int/index.php?controller=attachment&id_attachment=1371","","","2"
"TP1, TP2","VREF_Test","TestPoint:TestPoint_Pad_D3.0mm","~","","","2"
"TP3","BL_TEST","TestPoint:TestPoint_Pad_D3.0mm","~","","","1"
"TP4","Crystal Test","TestPoint:TestPoint_Pad_D3.0mm","~","","","1"
"U1","STM32F769NIH6","Package_BGA:TFBGA-216_13x13mm_Layout15x15_P0.8mm","https://www.st.com/resource/en/datasheet/stm32f769ni.pdf","","","1"
"U2, U13","IS42S16400J-7TL","Package_SO:TSOP-II-54_22.2x10.16mm_P0.8mm","-- mixed values --","","","2"
"U3","NRF24L01P","Package_DFN_QFN:QFN-20-1EP_4x4mm_P0.5mm_EP2.5x2.5mm","http://www.nordicsemi.com/eng/content/download/2726/34069/file/nRF24L01P_Product_Specification_1_0.pdf","","","1"
"U4","W25Q128JVEIQ","Package_SON:WSON-8-1EP_6x5mm_P1.27mm_EP3.4x4mm","http://www.winbond.com/resource-files/w25q32jv%20revg%2003272018%20plus.pdf","","","1"
"U5","STM32F745ZGT6","Package_QFP:LQFP-144_20x20mm_P0.5mm","https://www.st.com/resource/en/datasheet/stm32f745zg.pdf","","","1"
"U6, U12","DRV8825","Package_SO:HTSSOP-28-1EP_4.4x9.7mm_P0.65mm_EP2.85x5.4mm","","","","2"
"U7","MP2359DJ-LF-Z","Package_TO_SOT_SMD:SOT-23-6","","","","1"
"U8, U11","USBLC6-2SC6","Package_TO_SOT_SMD:SOT-23-6","https://www.st.com/resource/en/datasheet/usblc6-2.pdf","","","2"
"U9","LM1117IMPX-3.3/NOPB","Package_TO_SOT_SMD:SOT-223-3_TabPin2","http://www.advanced-monolithic.com/pdf/ds1117.pdf","","","1"
"U10","FT245RNQ-REEL","Package_DFN_QFN:QFN-32-1EP_5x5mm_P0.5mm_EP3.1x3.1mm","https://www.ftdichip.com/Support/Documents/DataSheets/ICs/DS_FT232R.pdf","","","1"
"U14","AP3012KTR-E1","Package_TO_SOT_SMD:SOT-23-5","https://www.diodes.com/assets/Datasheets/AP3012.pdf","","","1"
"Y1","3225-12M-SR","Crystal:Crystal_SMD_3225-4Pin_3.2x2.5mm","~","","","1"
"Y2","EB2532YA08","Crystal:Crystal_SMD_Abracon_ABM8AIG-4Pin_3.2x2.5mm","~","","","1"
"Y3","ABS07","Crystal:Crystal_SMD_3215-2Pin_3.2x1.5mm","~","","","1"
"Y4","ABM8","Crystal:Crystal_SMD_Abracon_ABM8AIG-4Pin_3.2x2.5mm","~","","","1"
"Y5","SMDXT224","Crystal:Crystal_SMD_2520-4Pin_2.5x2.0mm","~","","","1"
